{
    "coverImageFilename": "cover.png",
    "icon": "cover.png",
    "components": [
        {
            "type": "FileCopyMod",
            "sourceFileName": "Random Ores.qwall",
            "targetRootedPathAndFileName": "/sdcard/Qosmetics/walls/testWall.qwall"
        }
    ],
    "version": "1.0.0",
    "links": {
        "pageLink": ""
    },
    "description": [
        "A stone wall that's populated with random ores. Includes coal, iron, gold, lapis, redstone, and lapis."
    ],
    "gameVersion": "1.11.1",
    "platform": "Quest",
    "id": "RandomOresBobbieV1.0.0",
    "name": "Random Ores",
    "author": "Bobbie",
    "category": "Other"
}