{
    "coverImageFilename": "cover.png",
    "icon": "cover.png",
    "components": [
        {
            "type": "FileCopyMod",
            "sourceFileName": "Diamond Ore.qwall",
            "targetRootedPathAndFileName": "/sdcard/Qosmetics/walls/testWall.qwall"
        }
    ],
    "version": "1.0.0",
    "links": {
        "pageLink": ""
    },
    "description": [
        "Walls made out of plain, iconic diamond ore."
    ],
    "gameVersion": "1.11.1",
    "platform": "Quest",
    "id": "DiamondOreBobbieV1.0.0",
    "name": "Diamond Ore",
    "author": "Bobbie",
    "category": "Other"
}