{
    "coverImageFilename": "cover.png",
    "icon": "cover.png",
    "components": [
        {
            "type": "FileCopyMod",
            "sourceFileName": "Matrix Code.qwall",
            "targetRootedPathAndFileName": "/sdcard/Qosmetics/walls/testWall.qwall"
        }
    ],
    "version": "1.0.0",
    "links": {
        "pageLink": ""
    },
    "description": [
        "\"The Matrix is everywhere. It is all around us.\"\\nThese walls have a really cool matrix code effect."
    ],
    "gameVersion": "1.11.1",
    "platform": "Quest",
    "id": "MatrixCodeBobbieV1.0.0",
    "name": "Matrix Code",
    "author": "Bobbie",
    "category": "Other"
}