{
    "coverImageFilename": "cover.png",
    "icon": "cover.png",
    "components": [
        {
            "type": "FileCopyMod",
            "sourceFileName": "Rainbow Notes.qbloq",
            "targetRootedPathAndFileName": "/sdcard/Qosmetics/notes/testBloq.qbloq"
        }
    ],
    "version": "1.0.0",
    "links": {
        "pageLink": ""
    },
    "description": [
        "william gay"
    ],
    "gameVersion": "1.11.1",
    "platform": "Quest",
    "id": "RainbowNotesBobbieV1.0.0",
    "name": "Rainbow Notes",
    "author": "Bobbie",
    "category": "Bloq"
}