{
    "coverImageFilename": "cover.png",
    "icon": "cover.png",
    "components": [
        {
            "type": "FileCopyMod",
            "sourceFileName": "Step Back Wall (No Effects).qwall",
            "targetRootedPathAndFileName": "/sdcard/Qosmetics/walls/testWall.qwall"
        }
    ],
    "version": "1.0.0",
    "links": {
        "pageLink": ""
    },
    "description": [
        "A blast to the past. If you remember what these are, you are eligible for a veteran's discount.\\n\\nThis version doesn't have the camera distance based transparency."
    ],
    "gameVersion": "1.11.1",
    "platform": "Quest",
    "id": "StepBackWall(NoEffects)BobbieV1.0.0",
    "name": "Step Back Wall (No Effects)",
    "author": "Bobbie",
    "category": "Other"
}