{
    "coverImageFilename": "cover.png",
    "icon": "cover.png",
    "components": [
        {
            "type": "FileCopyMod",
            "sourceFileName": "Fall Guys - Block Party (Custom Colors).qwall",
            "targetRootedPathAndFileName": "/sdcard/Qosmetics/walls/testWall.qwall"
        }
    ],
    "version": "1.0.0",
    "links": {
        "pageLink": ""
    },
    "description": [
        "Walls based on the walls that come towards you in the \"Block Party\" minigame in Fall Guys.\\nNow with custom colors!"
    ],
    "gameVersion": "1.11.1",
    "platform": "Quest",
    "id": "FallGuys-BlockParty(CustomColors)BobbieV1.0.0",
    "name": "Fall Guys - Block Party (Custom Colors)",
    "author": "Bobbie",
    "category": "Other"
}