{
    "id": "MinecraftWallPackV1.0.0",
    "name": "Minecraft Wall Pack",
    "author": "Bobbie",
    "icon": "icon.png",
	"coverImageFilename": "icon.png",
    "description": [
        "The Beat Saber Minecraft wall pack contains 10 walls. 3 are animated, and 2 have custom colors."
    ],
    "category": "Other",
    "gameVersion": "1.13.2",
    "version": "1.0.0",
    "platform": "Quest",
    "components": [
        {
            "type": "FileCopyMod",
            "sourceFileName": "Walls/Diamond Ore.qwall",
            "targetRootedPathAndFileName": "sdcard/ModData/com.beatgames.beatsaber/Mods/Qosmetics/Walls/Diamond Ore.qwall"
        },
        {
            "type": "FileCopyMod",
            "sourceFileName": "Walls/Glass.qwall",
            "targetRootedPathAndFileName": "sdcard/ModData/com.beatgames.beatsaber/Mods/Qosmetics/Walls/Glass.qwall"
        },
        {
            "type": "FileCopyMod",
            "sourceFileName": "Walls/Grass.qwall",
            "targetRootedPathAndFileName": "sdcard/ModData/com.beatgames.beatsaber/Mods/Qosmetics/Walls/Grass.qwall"
        },
        {
            "type": "FileCopyMod",
            "sourceFileName": "Walls/Lava.qwall",
            "targetRootedPathAndFileName": "sdcard/ModData/com.beatgames.beatsaber/Mods/Qosmetics/Walls/Lava.qwall"
        },
        {
            "type": "FileCopyMod",
            "sourceFileName": "Walls/Mycelium.qwall",
            "targetRootedPathAndFileName": "sdcard/ModData/com.beatgames.beatsaber/Mods/Qosmetics/Walls/Mycelium.qwall"
        },
        {
            "type": "FileCopyMod",
            "sourceFileName": "Walls/Portal.qwall",
            "targetRootedPathAndFileName": "sdcard/ModData/com.beatgames.beatsaber/Mods/Qosmetics/Walls/Portal.qwall"
        },
        {
            "type": "FileCopyMod",
            "sourceFileName": "Walls/Random Ores.qwall",
            "targetRootedPathAndFileName": "sdcard/ModData/com.beatgames.beatsaber/Mods/Qosmetics/Walls/Random Ores.qwall"
        },
        {
            "type": "FileCopyMod",
            "sourceFileName": "Walls/Stained Glass.qwall",
            "targetRootedPathAndFileName": "sdcard/ModData/com.beatgames.beatsaber/Mods/Qosmetics/Walls/Stained Glass.qwall"
        },
        {
            "type": "FileCopyMod",
            "sourceFileName": "Walls/Water.qwall",
            "targetRootedPathAndFileName": "sdcard/ModData/com.beatgames.beatsaber/Mods/Qosmetics/Walls/Water.qwall"
        },
        {
            "type": "FileCopyMod",
            "sourceFileName": "Walls/Wool.qwall",
            "targetRootedPathAndFileName": "sdcard/ModData/com.beatgames.beatsaber/Mods/Qosmetics/Walls/Wool.qwall"
        }
    ]
}
