{
    "id": "FridayNightFunkinPack",
    "name": "Friday Night Funkin Pack",
    "author": "Bobbie",
    "icon": "icon.png",
	"coverImageFilename": "icon.png",
    "description": [
        "A Beat Saber Friday Night Funkin model pack! This model pack contains: backgrounds, notes, and sabers! The entire Friday Night Funkin OST has also been charted and is included in a seperate playlist."
    ],
    "category": "Other",
    "gameVersion": "1.13.2",
    "version": "1.0.0",
    "platform": "Quest",
    "components": [
        {
            "type": "FileCopyMod",
            "sourceFileName": "Sabers/Friday Night Funkin Sabers.qsaber",
            "targetRootedPathAndFileName": "sdcard/ModData/com.beatgames.beatsaber/Mods/Qosmetics/Sabers/Friday Night Funkin Sabers.qsaber"
        },
        {
            "type": "FileCopyMod",
            "sourceFileName": "Backgrounds/Friday Night Funkin - Week 1.png",
            "targetRootedPathAndFileName": "/sdcard/ModData/com.beatgames.beatsaber/Mods/CustomBackgrounds/Friday Night Funkin - Week 1.png"
        },
        {
            "type": "FileCopyMod",
            "sourceFileName": "Backgrounds/Friday Night Funkin - Week 2.png",
            "targetRootedPathAndFileName": "/sdcard/ModData/com.beatgames.beatsaber/Mods/CustomBackgrounds/Friday Night Funkin - Week 2.png"
        },
        {
            "type": "FileCopyMod",
            "sourceFileName": "Backgrounds/Friday Night Funkin - Week 3.png",
            "targetRootedPathAndFileName": "/sdcard/ModData/com.beatgames.beatsaber/Mods/CustomBackgrounds/Friday Night Funkin - Week 3.png"
        },
        {
            "type": "FileCopyMod",
            "sourceFileName": "Backgrounds/Friday Night Funkin - Week 4.png",
            "targetRootedPathAndFileName": "/sdcard/ModData/com.beatgames.beatsaber/Mods/CustomBackgrounds/Friday Night Funkin - Week 4.png"
        },
        {
            "type": "FileCopyMod",
            "sourceFileName": "Backgrounds/Friday Night Funkin - Week 5.png",
            "targetRootedPathAndFileName": "/sdcard/ModData/com.beatgames.beatsaber/Mods/CustomBackgrounds/Friday Night Funkin - Week 5.png"
        },
        {
            "type": "FileCopyMod",
            "sourceFileName": "Backgrounds/Friday Night Funkin - Week 6.png",
            "targetRootedPathAndFileName": "/sdcard/ModData/com.beatgames.beatsaber/Mods/CustomBackgrounds/Friday Night Funkin - Week 6.png"
        },
        {
            "type": "FileCopyMod",
            "sourceFileName": "Backgrounds/Friday Night Funkin - Week 7.png",
            "targetRootedPathAndFileName": "/sdcard/ModData/com.beatgames.beatsaber/Mods/CustomBackgrounds/Friday Night Funkin - Week 7.png"
        },
        {
            "type": "FileCopyMod",
            "sourceFileName": "Notes/Friday Night Funkin Notes.qbloq",
            "targetRootedPathAndFileName": "sdcard/ModData/com.beatgames.beatsaber/Mods/Qosmetics/Notes/Friday Night Funkin Notes.qbloq"
        },
        {
            "type": "FileCopyMod",
            "sourceFileName": "Notes/Friday Night Funkin Pixel Notes.qbloq",
            "targetRootedPathAndFileName": "sdcard/ModData/com.beatgames.beatsaber/Mods/Qosmetics/Notes/Friday Night Funkin Pixel Notes.qbloq"
        }
    ]
}
