{
    "coverImageFilename": "cover.png",
    "icon": "cover.png",
    "components": [
        {
            "type": "FileCopyMod",
            "sourceFileName": "Stained Glass.qwall",
            "targetRootedPathAndFileName": "/sdcard/Qosmetics/walls/testWall.qwall"
        }
    ],
    "version": "1.0.0",
    "links": {
        "pageLink": ""
    },
    "description": [
        "Glass walls that are stained to match your custom color."
    ],
    "gameVersion": "1.11.1",
    "platform": "Quest",
    "id": "StainedGlassBobbieV1.0.0",
    "name": "Stained Glass",
    "author": "Bobbie",
    "category": "Other"
}