{
    "coverImageFilename": "cover.png",
    "icon": "cover.png",
    "components": [
        {
            "type": "FileCopyMod",
            "sourceFileName": "Wool.qwall",
            "targetRootedPathAndFileName": "/sdcard/Qosmetics/walls/testWall.qwall"
        }
    ],
    "version": "1.0.0",
    "links": {
        "pageLink": ""
    },
    "description": [
        "Walls with wool that dyes itself your custom color."
    ],
    "gameVersion": "1.11.1",
    "platform": "Quest",
    "id": "WoolBobbieV1.0.0",
    "name": "Wool",
    "author": "Bobbie",
    "category": "Other"
}