{
    "coverImageFilename": "cover.png",
    "icon": "cover.png",
    "components": [
        {
            "type": "FileCopyMod",
            "sourceFileName": "Youngling With Arrows.qbloq",
            "targetRootedPathAndFileName": "/sdcard/Qosmetics/notes/testBloq.qbloq"
        }
    ],
    "version": "1.0.0",
    "links": {
        "pageLink": ""
    },
    "description": [
        "Master Skywalker, there's too many of them. What are we going to do?"
    ],
    "gameVersion": "1.11.1",
    "platform": "Quest",
    "id": "YounglingWithArrowsBobbieV1.0.0",
    "name": "Youngling With Arrows",
    "author": "Bobbie",
    "category": "Bloq"
}