{
    "coverImageFilename": "cover.png",
    "icon": "cover.png",
    "components": [
        {
            "type": "FileCopyMod",
            "sourceFileName": "Wallfles.qwall",
            "targetRootedPathAndFileName": "/sdcard/Qosmetics/walls/testWall.qwall"
        }
    ],
    "version": "1.0.0",
    "links": {
        "pageLink": ""
    },
    "description": [
        ""
    ],
    "gameVersion": "1.13.0",
    "platform": "Quest",
    "id": "WallflesBobbieV1.0.0",
    "name": "Wallfles",
    "author": "Bobbie",
    "category": "Other"
}