{
    "coverImageFilename": "cover.png",
    "icon": "cover.png",
    "components": [
        {
            "type": "FileCopyMod",
            "sourceFileName": "Disco Floor.qwall",
            "targetRootedPathAndFileName": "/sdcard/Qosmetics/walls/testWall.qwall"
        }
    ],
    "version": "1.0.0",
    "links": {
        "pageLink": ""
    },
    "description": [
        "Animated Disco Walls! \\o/\\n\\nSeizure warning: Wall contains rapid flashing lights."
    ],
    "gameVersion": "1.11.1",
    "platform": "Quest",
    "id": "DiscoFloorBobbieV1.0.0",
    "name": "Disco Floor",
    "author": "Bobbie",
    "category": "Other"
}