{
    "id": "FallGuysPack",
    "name": "Fall Guys Pack",
    "author": "Bobbie",
    "icon": "icon.png",
	"coverImageFilename": "icon.png",
    "description": [
        "A fan-made Beat Saber Fall Guys model pack! This model pack contains: backgrounds, notes, sabers, walls, and... pillows? The entire Fall Guys OST has also been charted and is included in a seperate playlist."
    ],
    "category": "Other",
    "gameVersion": "1.13.2",
    "version": "1.0.0",
    "platform": "Quest",
    "components": [
        {
            "type": "FileCopyMod",
            "sourceFileName": "Sabers/Fall Guys - The KnoQouters.qsaber",
            "targetRootedPathAndFileName": "sdcard/ModData/com.beatgames.beatsaber/Mods/Qosmetics/Sabers/Fall Guys - The KnoQouters.qsaber"
        },
        {
            "type": "FileCopyMod",
            "sourceFileName": "Backgrounds/Fall Guys - Background Only.png",
            "targetRootedPathAndFileName": "/sdcard/ModData/com.beatgames.beatsaber/Mods/CustomBackgrounds/Fall Guys - Background Only.png"
        },
        {
            "type": "FileCopyMod",
            "sourceFileName": "Backgrounds/Fall Guys - Hit Parade.png",
            "targetRootedPathAndFileName": "/sdcard/ModData/com.beatgames.beatsaber/Mods/CustomBackgrounds/Fall Guys - Hit Parade.png"
        },
        {
            "type": "FileCopyMod",
            "sourceFileName": "Backgrounds/Fall Guys - Jump Club.png",
            "targetRootedPathAndFileName": "/sdcard/ModData/com.beatgames.beatsaber/Mods/CustomBackgrounds/Fall Guys - Jump Club.png"
        },
        {
            "type": "FileCopyMod",
            "sourceFileName": "Backgrounds/Fall Guys - Seesaw.png",
            "targetRootedPathAndFileName": "/sdcard/ModData/com.beatgames.beatsaber/Mods/CustomBackgrounds/Fall Guys - Seesaw.png"
        },
        {
            "type": "FileCopyMod",
            "sourceFileName": "Backgrounds/Fall Guys - Slime Climb.png",
            "targetRootedPathAndFileName": "/sdcard/ModData/com.beatgames.beatsaber/Mods/CustomBackgrounds/Fall Guys - Slime Climb.png"
        },
        {
            "type": "FileCopyMod",
            "sourceFileName": "Backgrounds/Fall Guys - Slime Climb.png",
            "targetRootedPathAndFileName": "/sdcard/ModData/com.beatgames.beatsaber/Mods/CustomBackgrounds/Fall Guys - Slime Climb.png"
        },
        {
            "type": "FileCopyMod",
            "sourceFileName": "Walls/Fall Guys - Block Party (Custom Colors).qwall",
            "targetRootedPathAndFileName": "sdcard/ModData/com.beatgames.beatsaber/Mods/Qosmetics/Walls/Fall Guys - Block Party (Custom Colors).qwall"
        },
        {
            "type": "FileCopyMod",
            "sourceFileName": "Walls/Fall Guys - Block Party.qwall",
            "targetRootedPathAndFileName": "sdcard/ModData/com.beatgames.beatsaber/Mods/Qosmetics/Walls/Fall Guys - Block Party.qwall"
        },
        {
            "type": "FileCopyMod",
            "sourceFileName": "Walls/Fall Guys - Fall Guy.qwall",
            "targetRootedPathAndFileName": "sdcard/ModData/com.beatgames.beatsaber/Mods/Qosmetics/Walls/Fall Guys - Fall Guy.qwall"
        },
        {
            "type": "FileCopyMod",
            "sourceFileName": "Walls/Fall Guys - Slime Walls.qwall",
            "targetRootedPathAndFileName": "sdcard/ModData/com.beatgames.beatsaber/Mods/Qosmetics/Walls/Fall Guys - Slime Walls.qwall"
        },
        {
            "type": "FileCopyMod",
            "sourceFileName": "Notes/Fall Guy.qbloq",
            "targetRootedPathAndFileName": "sdcard/ModData/com.beatgames.beatsaber/Mods/Qosmetics/Notes/Fall Guy.qbloq"
        },
        {
            "type": "FileCopyMod",
            "sourceFileName": "Pillows/Pink Fall Guy.png",
            "targetRootedPathAndFileName": "/sdcard/ModData/com.beatgames.beatsaber/Mods/CustomPillowsQuest/images/Pink Fall Guy.png"
        },
        {
            "type": "FileCopyMod",
            "sourceFileName": "Pillows/Blue Fall Guy.png",
            "targetRootedPathAndFileName": "/sdcard/ModData/com.beatgames.beatsaber/Mods/CustomPillowsQuest/images/Blue Fall Guy.png"
        }
    ]
}
