{
    "coverImageFilename": "cover.png",
    "icon": "cover.png",
    "components": [
        {
            "type": "FileCopyMod",
            "sourceFileName": "Fall Guys - Fall Guy.qwall",
            "targetRootedPathAndFileName": "/sdcard/Qosmetics/walls/testWall.qwall"
        }
    ],
    "version": "1.0.0",
    "links": {
        "pageLink": ""
    },
    "description": [
        "A cursed wall that replaces walls with a 3d fall guy."
    ],
    "gameVersion": "1.11.1",
    "platform": "Quest",
    "id": "FallGuys-FallGuyBobbieV1.0.0",
    "name": "Fall Guys - Fall Guy",
    "author": "Bobbie",
    "category": "Other"
}