{
    "coverImageFilename": "cover.png",
    "icon": "cover.png",
    "components": [
        {
            "type": "FileCopyMod",
            "sourceFileName": "Mycelium.qwall",
            "targetRootedPathAndFileName": "/sdcard/Qosmetics/walls/testWall.qwall"
        }
    ],
    "version": "1.0.0",
    "links": {
        "pageLink": ""
    },
    "description": [
        "Dirt walls that have Mycelium on the top."
    ],
    "gameVersion": "1.11.1",
    "platform": "Quest",
    "id": "MyceliumBobbieV1.0.0",
    "name": "Mycelium",
    "author": "Bobbie",
    "category": "Other"
}