{
    "coverImageFilename": "cover.png",
    "icon": "cover.png",
    "components": [
        {
            "type": "FileCopyMod",
            "sourceFileName": "Portal.qwall",
            "targetRootedPathAndFileName": "/sdcard/Qosmetics/walls/testWall.qwall"
        }
    ],
    "version": "1.0.0",
    "links": {
        "pageLink": ""
    },
    "description": [
        "Fancy nether portal walls - they automatically add obsidian around the edges!\\nBobbie's personal favorite custom wall."
    ],
    "gameVersion": "1.11.1",
    "platform": "Quest",
    "id": "PortalBobbieV1.0.0",
    "name": "Portal",
    "author": "Bobbie",
    "category": "Other"
}