{
    "coverImageFilename": "cover.png",
    "icon": "cover.png",
    "components": [
        {
            "type": "FileCopyMod",
            "sourceFileName": "Fall Guys - Slime Walls.qwall",
            "targetRootedPathAndFileName": "/sdcard/Qosmetics/walls/testWall.qwall"
        }
    ],
    "version": "1.0.0",
    "links": {
        "pageLink": ""
    },
    "description": [
        "Make sure to keep your head out of the goopy slime!"
    ],
    "gameVersion": "1.11.1",
    "platform": "Quest",
    "id": "FallGuys-SlimeWallsBobbieV1.0.0",
    "name": "Fall Guys - Slime Walls",
    "author": "Bobbie",
    "category": "Other"
}