{
    "coverImageFilename": "cover.png",
    "icon": "cover.png",
    "components": [
        {
            "type": "FileCopyMod",
            "sourceFileName": "Running Notes With Arms.qbloq",
            "targetRootedPathAndFileName": "/sdcard/Qosmetics/notes/testBloq.qbloq"
        }
    ],
    "version": "1.0.0",
    "links": {
        "pageLink": ""
    },
    "description": [
        "THEY W A L C C I N"
    ],
    "gameVersion": "1.11.1",
    "platform": "Quest",
    "id": "RunningNotesWithArmsBobbieV1.0.0",
    "name": "Running Notes With Arms",
    "author": "Bobbie",
    "category": "Bloq"
}