{
    "coverImageFilename": "cover.png",
    "icon": "cover.png",
    "components": [
        {
            "type": "FileCopyMod",
            "sourceFileName": "Spaghet Cat Walls.qwall",
            "targetRootedPathAndFileName": "/sdcard/Qosmetics/walls/testWall.qwall"
        }
    ],
    "version": "1.0.0",
    "links": {
        "pageLink": ""
    },
    "description": [
        "Don't be upsetti, have some spaghetti!"
    ],
    "gameVersion": "1.13.0",
    "platform": "Quest",
    "id": "SpaghetCatWallsBobbieV1.0.0",
    "name": "Spaghet Cat Walls",
    "author": "Bobbie",
    "category": "Other"
}