{
    "coverImageFilename": "cover.png",
    "icon": "cover.png",
    "components": [
        {
            "type": "FileCopyMod",
            "sourceFileName": "Water.qwall",
            "targetRootedPathAndFileName": "/sdcard/Qosmetics/walls/testWall.qwall"
        }
    ],
    "version": "1.0.0",
    "links": {
        "pageLink": ""
    },
    "description": [
        "Walls with animated water."
    ],
    "gameVersion": "1.11.1",
    "platform": "Quest",
    "id": "WaterBobbieV1.0.0",
    "name": "Water",
    "author": "Bobbie",
    "category": "Other"
}